Reactor Name,Model,Process,Capacity (MWe),Grid Connection,Load Factor (2023) (%),Electricity Generated (2023) (GWh),Construction Start,Country,Net Capacity (MWe),Permanent Shutdown
Atucha 1,PHWR KWU,PHWR,340.0,19/03/1974,73.8,2197.12,,Argentina,,
Atucha 2,PHWR KWU,PHWR,693.0,27/06/2014,25.4,1541.93,,Argentina,,
Embalse,CANDU 6,PHWR,608.0,25/04/1983,98.1,5224.06,,Argentina,,
Carem25,CAREM Prototype (Integrated-PWR),PWR,25.0,,,,08/02/2014,Argentina,,
Armenian 2,VVER V-270,PWR,416.0,05/01/1980,68.9,2512.03,,Armenia,,
Armenian 1,VVER V-270,PWR,,,,,,Armenia,376.0,25/02/1989
Rooppur 1,VVER V-523,PWR,1080.0,,,,30/11/2017,Bangladesh,,
Rooppur 2,VVER V-523,PWR,1080.0,,,,14/07/2018,Bangladesh,,
Ostrovets 1,VVER V-491,PWR,1110.0,03/11/2020,78.9,7675.4,,Belarus,,
Ostrovets 2,VVER V-491,PWR,1110.0,13/05/2023,84.6,3321.12,,Belarus,,
Doel 2,W (2-loop),PWR,445.0,21/08/1975,91.6,3570.58,,Belgium,,
Doel 4,W (3-loop),PWR,1026.0,08/04/1985,84.6,7670.06,,Belgium,,
Tihange 1,Framatome 3 loops reactor,PWR,962.0,07/03/1975,97.8,8242.06,,Belgium,,
Tihange 3,W (3-loop),PWR,1030.0,15/06/1985,83.1,7544.13,,Belgium,,
BR-3,Prototype,PWR,,,,,,Belgium,10.0,30/06/1987
Doel 1,W (2-loop),PWR,,,,,,Belgium,445.0,14/02/2025
Doel 3,W (3-loop),PWR,,,,,,Belgium,1006.0,23/09/2022
Tihange 2,W (3-loop),PWR,,,,,,Belgium,1008.0,31/01/2023
Angra 1,2-loop WE,PWR,609.0,01/04/1982,84.6,4515.48,,Brazil,,
Angra 2,PRE KONVOI,PWR,1275.0,21/07/2000,82.2,9179.95,,Brazil,,
Angra 3,PRE KONVOI,PWR,1340.0,,,,30/05/2010,Brazil,,
Kozloduy 5,VVER V-320,PWR,1003.0,29/11/1987,90.3,7932.76,,Bulgaria,,
Kozloduy 6,VVER V-320,PWR,1003.0,02/08/1991,86.0,7555.28,,Bulgaria,,
Kozloduy 1,VVER V-230,PWR,,,,,,Bulgaria,408.0,31/12/2002
Kozloduy 2,VVER V-230,PWR,,,,,,Bulgaria,408.0,31/12/2002
Kozloduy 3,VVER V-230,PWR,,,,,,Bulgaria,408.0,31/12/2006
Kozloduy 4,VVER V-230,PWR,,,,,,Bulgaria,408.0,31/12/2006
Bruce 1,CANDU 791,PHWR,811.0,14/01/1977,101.1,7022.43,,Canada,,
Bruce 2,CANDU 791,PHWR,777.0,04/09/1976,102.7,6992.4,,Canada,,
Bruce 3,CANDU 750A,PHWR,770.0,12/12/1977,17.0,1145.06,,Canada,,
Bruce 4,CANDU 750A,PHWR,807.0,21/12/1978,85.4,5895.12,,Canada,,
Bruce 5,CANDU 750B,PHWR,817.0,02/12/1984,96.8,6928.71,,Canada,,
Bruce 6,CANDU 750B,PHWR,817.0,26/06/1984,30.7,2197.13,,Canada,,
Bruce 7,CANDU 750B,PHWR,817.0,22/02/1986,100.3,7176.72,,Canada,,
Bruce 8,CANDU 750B,PHWR,817.0,09/03/1987,69.2,4955.12,,Canada,,
Darlington 1,CANDU 850,PHWR,878.0,19/12/1990,0.0,0.0,,Canada,,
Darlington 2,CANDU 850,PHWR,878.0,15/01/1990,94.1,7240.39,,Canada,,
Darlington 3,CANDU 850,PHWR,878.0,07/12/1992,44.7,3440.41,,Canada,,
Darlington 4,CANDU 850,PHWR,878.0,17/04/1993,54.1,4163.79,,Canada,,
Pickering 5,CANDU 500B,PHWR,516.0,19/12/1982,93.1,4208.08,,Canada,,
Pickering 6,CANDU 500B,PHWR,516.0,08/11/1983,64.8,2930.52,,Canada,,
Pickering 7,CANDU 500B,PHWR,516.0,17/11/1984,95.7,4324.26,,Canada,,
Pickering 8,CANDU 500B,PHWR,516.0,21/01/1986,58.2,2630.89,,Canada,,
Point Lepreau,CANDU 6,PHWR,660.0,11/09/1982,82.4,4764.67,,Canada,,
Douglas Point,CANDU 200,PHWR,,,,,,Canada,206.0,04/05/1984
Gentilly 1,HW BLWR 250,HWLWR,,,,,,Canada,250.0,01/06/1977
Gentilly 2,CANDU 6,PHWR,,,,,,Canada,635.0,28/12/2012
Pickering 1,CANDU 500A,PHWR,,,,,,Canada,515.0,01/10/2024
Pickering 2,CANDU 500A,PHWR,,,,,,Canada,515.0,28/05/2007
Pickering 3,CANDU 500A,PHWR,,,,,,Canada,515.0,31/10/2008
Pickering 4,CANDU 500A,PHWR,,,,,,Canada,515.0,31/12/2024
Rolphton NPD,CANDU,PHWR,,,,,,Canada,22.0,01/08/1987
Changjiang 1,CNP-600,PWR,601.0,07/11/2015,88.20,4645.34,,China,,
Changjiang 2,CNP-600,PWR,601.0,20/06/2016,97.10,5110.99,,China,,
Daya Bay 1,M310,PWR,944.0,31/08/1993,100.50,8307.47,,China,,
Daya Bay 2,M310,PWR,986.0,07/02/1994,74.80,6181.83,,China,,
Fangchenggang 1,CPR-1000,PWR,1000.0,25/10/2015,90.60,7940.89,,China,,
Fangchenggang 2,CPR-1000,PWR,1000.0,15/07/2016,91.80,8044.34,,China,,
Fangchenggang 3,HPR1000,PWR,1105.0,10/01/2023,106.60,7569.94,,China,,
Fangchenggang 4,HPR1000,PWR,1105.0,09/04/2024,-,-,,China,,
Fangjiashan 1,CPR-1000,PWR,1012.0,04/11/2014,94.40,8364.58,,China,,
Fangjiashan 2,CPR-1000,PWR,1012.0,12/01/2015,100.20,8882.44,,China,,
Fuqing 1,CPR-1000,PWR,1000.0,20/08/2014,99.80,8746.94,,China,,
Fuqing 2,CPR-1000,PWR,1000.0,06/08/2015,88.80,7775.95,,China,,
Fuqing 3,CPR-1000,PWR,1000.0,07/09/2016,86.50,7576.01,,China,,
Fuqing 4,CPR-1000,PWR,1000.0,29/07/2017,64.70,5665.02,,China,,
Fuqing 5,Hualong One,PWR,1075.0,27/11/2020,89.60,8433.14,,China,,
Fuqing 6,HPR1000,PWR,1075.0,01/01/2022,78.30,7371.42,,China,,
Haiyang 1,AP1000,PWR,1170.0,17/08/2018,87.50,8971.59,,China,,
Haiyang 2,AP1000,PWR,1170.0,13/10/2018,88.10,9032.01,,China,,
Hongyanhe 1,CPR-1000,PWR,1061.0,17/02/2013,76.20,7084.46,,China,,
Hongyanhe 2,CPR-1000,PWR,1061.0,23/11/2013,87.60,8143.39,,China,,
Hongyanhe 3,CPR-1000,PWR,1061.0,23/03/2015,86.40,8025.66,,China,,
Hongyanhe 4,CPR-1000,PWR,1061.0,01/04/2016,83.60,7771.55,,China,,
Hongyanhe 5,ACPR-1000,PWR,1061.0,25/06/2021,89.80,8347.90,,China,,
Hongyanhe 6,ACPR-1000,PWR,1061.0,02/05/2022,82.90,7701.66,,China,,
Ling Ao 1,M310,PWR,950.0,26/02/2002,94.90,7899.06,,China,,
Ling Ao 2,M310,PWR,950.0,14/09/2002,83.70,6968.32,,China,,
Ling Ao 3,CPR-1000,PWR,1007.0,15/07/2010,100.40,8857.80,,China,,
Ling Ao 4,CPR-1000,PWR,1007.0,03/05/2011,93.60,8260.89,,China,,
Ningde 1,CPR-1000,PWR,1018.0,28/12/2012,83.50,7443.81,,China,,
Ningde 2,CPR-1000,PWR,1018.0,04/01/2014,99.50,8874.52,,China,,
Ningde 3,CPR-1000,PWR,1018.0,21/03/2015,96.40,8595.73,,China,,
Ningde 4,CPR-1000,PWR,1018.0,29/03/2016,89.40,7967.67,,China,,
Qinshan 1,CNP-300,PWR,326.0,15/12/1991,93.10,2659.67,,China,,
Qinshan 2 1,CNP-600,PWR,623.0,06/02/2002,100.10,5460.89,,China,,
Qinshan 2 2,CNP-600,PWR,623.0,11/03/2004,92.10,5026.63,,China,,
Qinshan 2 3,CNP-600,PWR,623.0,01/08/2010,95.00,5184.38,,China,,
Qinshan 2 4,CNP-600,PWR,623.0,25/11/2011,99.30,5419.73,,China,,
Qinshan 3 1,CANDU 6,PHWR,677.0,19/11/2002,89.20,5291.35,,China,,
Qinshan 3 2,CANDU 6,PHWR,677.0,12/06/2003,96.70,5737.33,,China,,
Sanmen 1,AP1000,PWR,1157.0,30/06/2018,97.60,9887.28,,China,,
Sanmen 2,AP1000,PWR,1157.0,24/08/2018,91.20,9240.77,,China,,
Shidaowan Guohe One 1,CAP1400,PWR,1400.0,31/10/2024,-,-,,China,,
Shidaowan HTR-PM 1,HTR-PM,HTGR,150.0,20/12/2021,100.40,112.09,,China,,
Taishan 1,EPR-1750,PWR,1660.0,29/06/2018,14.20,2068.27,,China,,
Taishan 2,EPR-1750,PWR,1660.0,23/06/2019,88.60,12884.09,,China,,
Tianwan 1,VVER V-428,PWR,1000.0,12/05/2006,89.90,7875.04,,China,,
Tianwan 2,VVER V-428,PWR,1000.0,14/05/2007,91.50,8015.09,,China,,
Tianwan 3,VVER V-428M,PWR,1060.0,30/12/2017,75.50,7013.26,,China,,
Tianwan 4,VVER V-428M,PWR,1060.0,27/10/2018,82.20,7630.39,,China,,
Tianwan 5,ACPR-1000,PWR,1060.0,08/08/2020,86.60,8038.07,,China,,
Tianwan 6,ACPR-1000,PWR,1060.0,11/05/2021,89.90,8344.00,,China,,
Yangjiang 1,CPR-1000,PWR,1000.0,31/12/2013,101.20,8868.11,,China,,
Yangjiang 2,CPR-1000,PWR,1000.0,10/03/2015,92.60,8111.96,,China,,
Yangjiang 3,CPR-1000,PWR,1000.0,18/10/2015,92.10,8071.11,,China,,
Yangjiang 4,CPR-1000,PWR,1000.0,08/01/2017,102.50,8978.18,,China,,
Yangjiang 5,ACPR-1000,PWR,1000.0,23/05/2018,91.20,7988.19,,China,,
Yangjiang 6,ACPR-1000,PWR,1000.0,29/06/2019,91.50,8015.33,,China,,
Zhangzhou 1,Hualong One,PWR,1126.0,28/11/2024,-,-,,China,,
Changjiang SMR-1,ACP100,PWR,125.0,,,,13/07/2021,China,,
Changjiang-3,Hualong One,PWR,1100.0,,,,31/03/2021,China,,
Changjiang-4,Hualong One,PWR,1100.0,,,,28/12/2021,China,,
Haiyang 3,CAP1000,PWR,1161.0,,,,07/07/2022,China,,
Haiyang 4,CAP1000,PWR,1161.0,,,,22/04/2023,China,,
Lianjiang 1,CAP1000,PWR,1161.0,,,,27/09/2023,China,,
Lianjiang 2,CAP1000,PWR,1161.0,,,,26/04/2024,China,,
Lufeng 1,CAP1000,PWR,1161.0,,,,24/02/2025,China,,
Lufeng 5,Hualong One,PWR,1116.0,,,,08/09/2022,China,,
Lufeng 6,Hualong One,PWR,1116.0,,,,26/08/2023,China,,
Ningde 5,Hualong One,PWR,1116.0,,,,28/07/2024,China,,
San'ao 1,Hualong One,PWR,1117.0,,,,31/12/2020,China,,
San'ao 2,Hualong One,PWR,1117.0,,,,31/12/2021,China,,
Sanmen 3,CAP1000,PWR,1163.0,,,,28/06/2022,China,,
Sanmen 4,CAP1000,PWR,1163.0,,,,22/03/2023,China,,
Shidaowan 1,Hualong One,PWR,1134.0,,,,28/07/2024,China,,
Shidaowan 2,Hualong One,PWR,1134.0,,,,08/05/2025,China,,
Shidaowan Guohe One 2,CAP1400,PWR,1400.0,,,,21/04/2020,China,,
Taipingling 1,HPR1000,PWR,1116.0,,,,26/12/2019,China,,
Taipingling 2,HPR1000,PWR,1116.0,,,,15/10/2020,China,,
Tianwan 7,VVER V-491,PWR,1100.0,,,,19/05/2021,China,,
Tianwan 8,VVER V-491,PWR,1100.0,,,,25/02/2022,China,,
Xiapu 1,CFR-600,FBR,600.0,,,,29/12/2017,China,,
Xiapu 2,CFR-600,FBR,600.0,,,,27/12/2020,China,,
Xudabao 1,CAP1000,PWR,1000.0,,,,03/11/2023,China,,
Xudabao 2,CAP1000,PWR,1000.0,,,,17/07/2024,China,,
Xudabao 3,VVER V-491,PWR,1200.0,,,,28/07/2021,China,,
Xudabao 4,VVER V-491,PWR,1200.0,,,,19/05/2022,China,,
Zhangzhou 2,Hualong One,PWR,1126.0,,,,04/09/2020,China,,
Zhangzhou 3,Hualong One,PWR,1126.0,,,,22/02/2024,China,,
Zhangzhou 4,Hualong One,PWR,1129.0,,,,27/09/2024,China,,
Dukovany 1,VVER V-213,PWR,510.0,24/02/1985,78.2,3207.28,,Czech Republic,,
Dukovany 2,VVER V-213,PWR,510.0,30/01/1986,75.5,3115.8,,Czech Republic,,
Dukovany 3,VVER V-213,PWR,510.0,14/11/1986,96.0,3936.58,,Czech Republic,,
Dukovany 4,VVER V-213,PWR,510.0,11/06/1987,77.3,3189.39,,Czech Republic,,
Temelin 1,VVER V-320,PWR,1086.0,21/12/2000,83.8,7542.49,,Czech Republic,,
Temelin 2,VVER V-320,PWR,1086.0,29/12/2002,85.8,7736.61,,Czech Republic,,
El Dabaa 1,VVER-1200/V-529,PWR,1100.0,,,,20/07/2022,Egypt,,
El Dabaa 2,VVER-1200/V-529,PWR,1100.0,,,,20/11/2022,Egypt,,
El Dabaa 3,VVER-1200/V-529,PWR,1100.0,,,,03/05/2023,Egypt,,
El Dabaa 4,VVER-1200/V-529,PWR,1100.0,,,,23/01/2024,Egypt,,
Loviisa 1,VVER V-213,PWR,507.0,08/02/1977,89.8,3987.98,,Finland,,
Loviisa 2,VVER V-213,PWR,507.0,04/11/1980,92.3,4100.21,,Finland,,
Olkiluoto 1,"ABB-III, BWR-2500",BWR,890.0,02/09/1978,95.3,7428.24,,Finland,,
Olkiluoto 2,"ABB-III, BWR-2500",BWR,890.0,18/02/1980,88.1,6871.08,,Finland,,
Olkiluoto 3,EPR,PWR,1575.0,12/03/2022,88.8,10371.84,,Finland,,
Belleville 1,P4 REP 1300,PWR,1310.0,14/10/1987,50.20,5765.70,,France,,
Belleville 2,P4 REP 1300,PWR,1310.0,06/07/1988,61.00,7004.38,,France,,
Blayais 1,CP1,PWR,910.0,12/06/1981,50.30,4010.38,,France,,
Blayais 2,CP1,PWR,910.0,17/07/1982,44.20,3520.88,,France,,
Blayais 3,CP1,PWR,910.0,17/08/1983,82.70,6594.91,,France,,
Blayais 4,CP1,PWR,910.0,16/05/1983,53.50,4262.81,,France,,
Bugey 2,CP0,PWR,910.0,10/05/1978,65.60,5226.93,,France,,
Bugey 3,CP0,PWR,910.0,21/09/1978,80.50,6418.38,,France,,
Bugey 4,CP0,PWR,880.0,08/03/1979,86.70,6683.66,,France,,
Bugey 5,CP0,PWR,880.0,31/07/1979,78.90,6081.03,,France,,
Cattenom 1,P4 REP 1300,PWR,1300.0,13/11/1986,45.20,5152.34,,France,,
Cattenom 2,P4 REP 1300,PWR,1300.0,17/09/1987,47.00,5348.61,,France,,
Cattenom 3,P4 REP 1300,PWR,1300.0,06/07/1990,47.70,5434.54,,France,,
Cattenom 4,P4 REP 1300,PWR,1300.0,27/05/1991,90.80,10334.09,,France,,
Chinon B 1,CP2,PWR,905.0,30/11/1982,7.90,628.22,,France,,
Chinon B 2,CP2,PWR,905.0,29/11/1983,77.00,6100.43,,France,,
Chinon B 3,CP2,PWR,905.0,20/10/1986,61.00,4835.37,,France,,
Chinon B 4,CP2,PWR,905.0,14/11/1987,72.20,5727.02,,France,,
Chooz B 1,N4 REP 1450,PWR,1500.0,30/08/1996,61.60,8089.97,,France,,
Chooz B 2,N4 REP 1450,PWR,1500.0,10/04/1997,60.00,7888.17,,France,,
Civaux 1,N4 REP 1450,PWR,1495.0,24/12/1997,80.80,10575.26,,France,,
Civaux 2,N4 REP 1450,PWR,1495.0,24/12/1999,65.00,8513.71,,France,,
Cruas 1,CP2,PWR,915.0,29/04/1983,47.60,3816.03,,France,,
Cruas 2,CP2,PWR,915.0,06/09/1984,67.70,5425.63,,France,,
Cruas 3,CP2,PWR,915.0,14/05/1984,73.20,5869.28,,France,,
Cruas 4,CP2,PWR,915.0,27/10/1984,73.90,5923.87,,France,,
Dampierre 1,CP1,PWR,890.0,23/03/1980,55.80,4348.67,,France,,
Dampierre 2,CP1,PWR,890.0,10/12/1980,85.70,6679.55,,France,,
Dampierre 3,CP1,PWR,890.0,30/01/1981,70.40,5490.16,,France,,
Dampierre 4,CP1,PWR,890.0,18/08/1981,70.40,5490.50,,France,,
Flamanville 1,P4 REP 1300,PWR,1330.0,04/12/1985,24.10,2809.51,,France,,
Flamanville 2,P4 REP 1300,PWR,1330.0,18/07/1986,77.20,8993.91,,France,,
Flamanville 3,EPR,PWR,1630.0,21/12/2024,-,-,,France,,
Golfech 1,P4 REP 1300,PWR,1310.0,07/06/1990,0.00,0.00,,France,,
Golfech 2,P4 REP 1300,PWR,1310.0,18/06/1993,41.90,4805.98,,France,,
Gravelines 1,CP1,PWR,910.0,13/03/1980,13.20,1055.48,,France,,
Gravelines 2,CP1,PWR,910.0,26/08/1980,43.40,3459.28,,France,,
Gravelines 3,CP1,PWR,910.0,12/12/1980,80.90,6448.18,,France,,
Gravelines 4,CP1,PWR,910.0,14/06/1981,85.20,6792.53,,France,,
Gravelines 5,CP1,PWR,910.0,28/08/1984,81.30,6479.71,,France,,
Gravelines 6,CP1,PWR,910.0,01/08/1985,59.00,4707.20,,France,,
Nogent 1,P4 REP 1300,PWR,1310.0,21/10/1987,68.80,7901.27,,France,,
Nogent 2,P4 REP 1300,PWR,1310.0,14/12/1988,50.40,5785.29,,France,,
Paluel 1,P4 REP 1300,PWR,1330.0,22/06/1984,60.10,6998.25,,France,,
Paluel 2,P4 REP 1300,PWR,1330.0,14/09/1984,85.60,9968.67,,France,,
Paluel 3,P4 REP 1300,PWR,1330.0,30/09/1985,63.40,7384.88,,France,,
Paluel 4,P4 REP 1300,PWR,1330.0,11/04/1986,69.20,8060.67,,France,,
Penly 1,P4 REP 1300,PWR,1330.0,04/05/1990,42.20,4916.24,,France,,
Penly 2,P4 REP 1300,PWR,1330.0,04/02/1992,49.50,5763.76,,France,,
St. Alban 1,P4 REP 1300,PWR,1335.0,30/08/1985,41.40,4843.46,,France,,
St. Alban 2,P4 REP 1300,PWR,1335.0,03/07/1986,95.20,11131.59,,France,,
St. Laurent B 1,CP2,PWR,915.0,21/01/1981,59.10,4734.88,,France,,
St. Laurent B 2,CP2,PWR,915.0,01/06/1981,6.20,500.78,,France,,
Tricastin 1,CP1,PWR,915.0,31/05/1980,68.00,5453.03,,France,,
Tricastin 2,CP1,PWR,915.0,07/08/1980,70.70,5664.11,,France,,
Tricastin 3,CP1,PWR,915.0,10/02/1981,77.10,6179.71,,France,,
Tricastin 4,CP1,PWR,915.0,12/06/1981,71.00,5694.38,,France,,
Bugey 1,UNGG,GCR,,,,,,France,540.0,27/05/1994
Chinon A 1,UNGG,GCR,,,,,,France,70.0,16/04/1973
Chinon A 2,UNGG,GCR,,,,,,France,180.0,14/06/1985
Chinon A 3,UNGG,GCR,,,,,,France,360.0,15/06/1990
Chooz A (Ardennes),CHOOZ-A,PWR,,,,,,France,305.0,30/10/1991
El 4 (Monts D'Arree),MONTS-D'ARREE,HWGCR,,,,,,France,70.0,31/07/1985
Fessenheim 1,CP0,PWR,,,,,,France,880.0,22/02/2020
Fessenheim 2,CP0,PWR,,,,,,France,880.0,29/06/2020
G 2 (Marcoule),,GCR,,,,,,France,39.0,02/02/1980
G 3 (Marcoule),,GCR,,,,,,France,40.0,20/06/1984
Phenix,PH-250,FBR,,,,,,France,130.0,01/02/2010
St. Laurent A 1,UNGG,GCR,,,,,,France,390.0,18/04/1990
St. Laurent A 2,UNGG,GCR,,,,,,France,465.0,27/05/1992
Super Phenix,Na-1200,FBR,,,,,,France,1200.0,31/12/1998
AVR Juelich,Pebble bed reactor prototype,HTGR,,,,,,Germany,13.0,31/12/1988
Biblis A,PWR,PWR,,,,,,Germany,1167.0,06/08/2011
Biblis B,PWR,PWR,,,,,,Germany,1240.0,06/08/2011
Brokdorf,PWR,PWR,,,,,,Germany,1410.0,31/12/2021
Brunsbuettel,BWR-69,BWR,,,,,,Germany,771.0,06/08/2011
Emsland,Konvoi,PWR,,,,,,Germany,1335.0,15/04/2023
Grafenrheinfeld,PWR,PWR,,,,,,Germany,1275.0,27/06/2015
Greifswald 1,VVER V-230,PWR,,,,,,Germany,408.0,14/02/1990
Greifswald 2,VVER V-230,PWR,,,,,,Germany,408.0,14/02/1990
Greifswald 3,VVER V-230,PWR,,,,,,Germany,408.0,28/02/1990
Greifswald 4,VVER V-230,PWR,,,,,,Germany,408.0,22/07/1990
Greifswald 5,VVER V-213,PWR,,,,,,Germany,408.0,24/11/1989
Grohnde,PWR,PWR,,,,,,Germany,1360.0,31/12/2021
Gundremmingen A,BWR-1,BWR,,,,,,Germany,237.0,13/01/1977
Gundremmingen B,BWR-72,BWR,,,,,,Germany,1284.0,31/12/2017
Gundremmingen C,BWR-72,BWR,,,,,,Germany,1288.0,31/12/2021
HDR Grosswelzheim,Superheated steam reactor,BWR,,,,,,Germany,25.0,20/04/1971
Isar 1,BWR-69,BWR,,,,,,Germany,878.0,06/08/2011
Isar 2,Konvoi,PWR,,,,,,Germany,1410.0,15/04/2023
KNK II,Prototype,FBR,,,,,,Germany,17.0,23/08/1991
Kruemmel,BWR-69,BWR,,,,,,Germany,1346.0,06/08/2011
Lingen,BWR with fossil fuel-fired superheater,BWR,,,,,,Germany,183.0,05/01/1977
Muelheim Kaerlich,PWR,PWR,,,,,,Germany,1219.0,09/09/1988
Mzfr,-,PHWR,,,,,,Germany,52.0,03/05/1984
Neckarwestheim 1,PWR,PWR,,,,,,Germany,785.0,06/08/2011
Neckarwestheim 2,Konvoi,PWR,,,,,,Germany,1310.0,15/04/2023
Niederaichbach,pressure tube reactor,HWGCR,,,,,,Germany,100.0,31/07/1974
Obrigheim,PWR,PWR,,,,,,Germany,340.0,11/05/2005
Philippsburg 1,BWR-69,BWR,,,,,,Germany,890.0,06/08/2011
Philippsburg 2,PWR,PWR,,,,,,Germany,1402.0,31/12/2019
Rheinsberg,VVER-70,PWR,,,,,,Germany,62.0,01/06/1990
Stade,PWR,PWR,,,,,,Germany,640.0,14/11/2003
THTR-300,Pebble bed reactor,HTGR,,,,,,Germany,296.0,29/09/1988
Unterweser,PWR,PWR,,,,,,Germany,1345.0,06/08/2011
VAK Kahl,BWR,BWR,,,,,,Germany,15.0,25/11/1985
Wuergassen,BWR,BWR,,,,,,Germany,640.0,26/08/1994
Paks 1,VVER V-213,PWR,479.0,28/12/1982,88.5,3715.12,,Hungary,,
Paks 2,VVER V-213,PWR,479.0,06/09/1984,92.1,3863.62,,Hungary,,
Paks 3,VVER V-213,PWR,479.0,28/09/1986,82.2,3449.13,,Hungary,,
Paks 4,VVER V-213,PWR,479.0,16/08/1987,96.8,4063.77,,Hungary,,
Kaiga 1,Horizontal Pressure Tube type,PHWR,202.0,12/10/2000,83.20,1472.23,,India,,
Kaiga 2,Horizontal Pressure Tube type,PHWR,202.0,02/12/1999,99.40,1759.87,,India,,
Kaiga 3,Horizontal Pressure Tube type,PHWR,202.0,11/04/2007,97.40,1722.86,,India,,
Kaiga 4,Horizontal Pressure Tube type,PHWR,202.0,19/01/2011,102.40,1811.38,,India,,
Kakrapar 1,Horizontal Pressure Tube type,PHWR,202.0,24/11/1992,99.70,1764.71,,India,,
Kakrapar 2,Horizontal Pressure Tube type,PHWR,202.0,04/03/1995,86.60,1533.03,,India,,
Kakrapar 3,PHWR-700,PHWR,630.0,10/01/2021,95.00,3422.13,,India,,
Kakrapar 4,PHWR-700,PHWR,630.0,20/02/2024,-,-,,India,,
Kudankulam 1,VVER V-412,PWR,932.0,22/10/2013,92.90,7584.74,,India,,
Kudankulam 2,VVER V-412,PWR,932.0,29/08/2016,73.40,5988.25,,India,,
Madras 1,Horizontal Pressure Tube type,PHWR,205.0,23/07/1983,0.00,0.00,,India,,
Madras 2,Horizontal Pressure Tube type,PHWR,205.0,20/09/1985,79.60,1429.96,,India,,
Narora 1,Horizontal Pressure Tube type,PHWR,202.0,29/07/1989,76.60,1355.97,,India,,
Narora 2,Horizontal Pressure Tube type,PHWR,202.0,05/01/1992,75.00,1326.28,,India,,
Rajasthan 2,Horizontal Pressure Tube type,PHWR,187.0,01/11/1980,73.90,1211.09,,India,,
Rajasthan 3,Horizontal Pressure Tube type,PHWR,202.0,10/03/2000,0.00,0.00,,India,,
Rajasthan 4,Horizontal Pressure Tube type,PHWR,202.0,17/11/2000,76.90,1360.73,,India,,
Rajasthan 5,Horizontal Pressure Tube type,PHWR,202.0,22/12/2009,90.50,1601.27,,India,,
Rajasthan 6,Horizontal Pressure Tube type,PHWR,202.0,28/03/2010,89.80,1589.28,,India,,
Rajasthan 7,Horizontal Pressure Tube type,PHWR,630.0,17/03/2025,-,-,,India,,
Tarapur 1,BWR-1 (Mark 2),BWR,150.0,01/04/1969,0.00,0.00,,India,,
Tarapur 2,BWR-1 (Mark 2),BWR,150.0,05/05/1969,0.00,0.00,,India,,
Tarapur 3,Horizontal Pressure Tube Type,PHWR,490.0,15/06/2006,99.90,4286.26,,India,,
Tarapur 4,Horizontal Pressure Tube Type,PHWR,490.0,04/06/2005,79.80,3425.53,,India,,
Kudankulam 3,VVER V-412,PWR,917.0,,,,29/06/2017,India,,
Kudankulam 4,VVER V-412,PWR,917.0,,,,23/10/2017,India,,
Kudankulam 5,VVER V-412,PWR,917.0,,,,29/06/2021,India,,
Kudankulam 6,VVER V-412,PWR,917.0,,,,20/12/2021,India,,
PFBR,Prototype,FBR,470.0,,,,23/10/2004,India,,
Rajasthan 8,Horizontal Pressure Tube type,PHWR,630.0,,,,30/09/2011,India,,
Rajasthan 1,Horizontal Pressure Tube type,PHWR,,,,,,India,134.0,
Bushehr 1,VVER V-446,PWR,915.0,03/09/2011,75.7,6071.16,,Iran,,
Bushehr 2,VVER-1000,PWR,974.0,,,,10/11/2019,Iran,,
Caorso,BWR-4 (Mark 2),BWR,,,,,,Italy,860.0,01/07/1990
Enrico Fermi,W (4-loop),PWR,,,,,,Italy,260.0,01/07/1990
Garigliano,BWR-1,BWR,,,,,,Italy,150.0,01/03/1982
Latina,MAGNOX,GCR,,,,,,Italy,153.0,01/12/1987
Genkai 3,M (4-loop),PWR,1127.0,15/06/1993,88.0,8691.55,,Japan,,
Genkai 4,M (4-loop),PWR,1127.0,12/11/1996,90.3,8916.51,,Japan,,
Hamaoka 3,BWR-5,BWR,1056.0,20/01/1987,,0.0,,Japan,,
Hamaoka 4,BWR-5,BWR,1092.0,27/01/1993,0.0,0.0,,Japan,,
Hamaoka 5,ABWR,BWR,1325.0,30/04/2004,0.0,0.0,,Japan,,
Higashi Dori 1 (Tohoku),BWR-5,BWR,1067.0,09/03/2005,0.0,0.0,,Japan,,
Ikata 3,M (3-loop),PWR,846.0,29/03/1994,77.1,5715.39,,Japan,,
Kashiwazaki Kariwa 1,BWR-5,BWR,1067.0,13/02/1985,0.0,0.0,,Japan,,
Kashiwazaki Kariwa 2,BWR-5,BWR,1067.0,08/02/1990,0.0,0.0,,Japan,,
Kashiwazaki Kariwa 3,BWR-5,BWR,1067.0,08/12/1992,0.0,0.0,,Japan,,
Kashiwazaki Kariwa 4,BWR-5,BWR,1067.0,21/12/1993,0.0,0.0,,Japan,,
Kashiwazaki Kariwa 5,BWR-5,BWR,1067.0,12/09/1989,0.0,0.0,,Japan,,
Kashiwazaki Kariwa 6,ABWR,BWR,1315.0,29/01/1996,0.0,0.0,,Japan,,
Kashiwazaki Kariwa 7,ABWR,BWR,1315.0,17/12/1996,0.0,0.0,,Japan,,
Mihama 3,M (3-loop),PWR,780.0,19/02/1976,85.2,5823.48,,Japan,,
Ohi 3,M (4-loop),PWR,1127.0,07/06/1991,102.9,10162.58,,Japan,,
Ohi 4,M (4-loop),PWR,1127.0,19/06/1992,86.6,8554.07,,Japan,,
Onagawa 2,BWR-5,BWR,796.0,23/12/1994,,,,Japan,,
Onagawa 3,BWR-5,BWR,796.0,30/05/2001,0.0,0.0,,Japan,,
Sendai 1,M (3-loop),PWR,846.0,16/09/1983,87.7,6502.42,,Japan,,
Sendai 2,M (3-loop),PWR,846.0,05/04/1985,88.0,6518.1,,Japan,,
Shika 1,BWR-5,BWR,505.0,12/01/1993,0.0,0.0,,Japan,,
Shika 2,ABWR,BWR,1108.0,04/07/2005,0.0,0.0,,Japan,,
Shimane 2,BWR-5,BWR,789.0,11/07/1988,,,,Japan,,
Takahama 1,M (3-loop),PWR,780.0,27/03/1974,103.2,2936.11,,Japan,,
Takahama 2,M (3-loop),PWR,780.0,17/01/1975,105.2,1987.78,,Japan,,
Takahama 3,M (3-loop),PWR,830.0,09/05/1984,76.4,5552.8,,Japan,,
Takahama 4,M (3-loop),PWR,830.0,01/11/1984,85.0,6177.84,,Japan,,
Tokai 2,BWR-5,BWR,1060.0,13/03/1978,0.0,0.0,,Japan,,
Tomari 1,M (2-loop),PWR,550.0,06/12/1988,0.0,0.0,,Japan,,
Tomari 2,M (2-loop),PWR,550.0,27/08/1990,0.0,0.0,,Japan,,
Tomari 3,M (3-loop),PWR,866.0,20/03/2009,0.0,0.0,,Japan,,
Tsuruga 2,M (4-loop),PWR,1108.0,19/06/1986,0.0,0.0,,Japan,,
Ohma,ABWR,BWR,1328.0,,,,07/05/2010,Japan,,
Shimane 3,ABWR,BWR,1325.0,,,,24/10/2006,Japan,,
Fugen ATR,ATR,HWLWR,,,,,,Japan,148.0,29/03/2003
Fukushima Daiichi 1,BWR-3,BWR,,,,,,Japan,439.0,19/05/2011
Fukushima Daiichi 2,BWR-4,BWR,,,,,,Japan,760.0,19/05/2011
Fukushima Daiichi 3,BWR-4,BWR,,,,,,Japan,760.0,19/05/2011
Fukushima Daiichi 4,BWR-4,BWR,,,,,,Japan,760.0,19/05/2011
Fukushima Daiichi 5,BWR-4,BWR,,,,,,Japan,760.0,17/12/2013
Fukushima Daiichi 6,BWR-5,BWR,,,,,,Japan,1067.0,17/12/2013
Fukushima Daini 1,BWR-5,BWR,,,,,,Japan,1067.0,30/09/2019
Fukushima Daini 2,BWR-5,BWR,,,,,,Japan,1067.0,30/09/2019
Fukushima Daini 3,BWR-5,BWR,,,,,,Japan,1067.0,30/09/2019
Fukushima Daini 4,BWR-5,BWR,,,,,,Japan,1067.0,30/09/2019
Genkai 1,M (2-loop),PWR,,,,,,Japan,529.0,27/04/2015
Genkai 2,M (2-loop),PWR,,,,,,Japan,529.0,09/04/2019
Hamaoka 1,BWR-4,BWR,,,,,,Japan,516.0,30/01/2009
Hamaoka 2,BWR-4,BWR,,,,,,Japan,814.0,30/01/2009
Ikata 1,M (2-loop),PWR,,,,,,Japan,538.0,10/05/2016
Ikata 2,M (2-loop),PWR,,,,,,Japan,538.0,23/05/2018
Japan Power Demonstration Reactor (JPDR),BWR-1,BWR,,,,,,Japan,12.0,18/03/1976
Mihama 1,W (2-loop),PWR,,,,,,Japan,320.0,27/04/2015
Mihama 2,M (2-loop),PWR,,,,,,Japan,470.0,27/04/2015
Monju,-,FBR,,,,,,Japan,246.0,05/12/2017
Ohi 1,W (4-loop),PWR,,,,,,Japan,1120.0,01/03/2018
Ohi 2,W (4-loop),PWR,,,,,,Japan,1120.0,01/03/2018
Onagawa 1,BWR-4,BWR,,,,,,Japan,498.0,21/12/2018
Shimane 1,BWR-3,BWR,,,,,,Japan,439.0,30/04/2015
Tokai 1,MAGNOX,GCR,,,,,,Japan,137.0,31/03/1998
Tsuruga 1,BWR-2,BWR,,,,,,Japan,340.0,27/04/2015
Aktau,BN-350,FBR,,,,,,Kazakhstan,52.0,22/04/1999
Ignalina 1,RBMK-1500,LWGR,,,,,,Lithuania,1185.0,31/12/2004
Ignalina 2,RBMK-1500,LWGR,,,,,,Lithuania,1185.0,31/12/2009
Laguna Verde 1,BWR-5,BWR,777.0,13/04/1989,80.1,5449.45,,Mexico,,
Laguna Verde 2,BWR-5,BWR,775.0,11/11/1994,97.1,6594.14,,Mexico,,
Borssele,2-loops KWU,PWR,482.0,04/07/1973,89.3,3771.24,,Netherlands,,
Dodewaard,GE design,BWR,,,,,,Netherlands,55.0,26/03/1997
Chashma Nuclear Power Plant 1,CNP-300,PWR,300.0,13/06/2000,88.4,2322.68,,Pakistan,,
Chashma Nuclear Power Plant 2,CNP-300,PWR,300.0,14/03/2011,93.6,2461.13,,Pakistan,,
Chashma Nuclear Power Plant 3,CNP-300,PWR,315.0,15/10/2016,80.2,2214.14,,Pakistan,,
Chashma Nuclear Power Plant 4,CNP-300,PWR,313.0,25/06/2017,90.9,2492.14,,Pakistan,,
Karachi 2,HPR1000,PWR,1017.0,18/03/2021,68.9,6136.8,,Pakistan,,
Karachi 3,HPR1000,PWR,1017.0,04/03/2022,75.8,6755.72,,Pakistan,,
Chashma Nuclear Power Plant 5,Hualong One,PWR,1100.0,,,,31/12/2024,Pakistan,,
Karachi 1,CANDU-137 MW,PHWR,,,,,,Pakistan,90.0,01/08/2021
Cernavoda 1,CANDU 6,PHWR,650.0,11/07/1996,95.0,5410.94,,Romania,,
Cernavoda 2,CANDU 6,PHWR,650.0,07/08/2007,86.1,4901.2,,Romania,,
Akademik Lomonosov 1,KLT-40S 'Floating',PWR,32.0,19/12/2019,26.6,74.63,,Russia,,
Akademik Lomonosov 2,KLT-40S 'Floating',PWR,32.0,19/12/2019,43.4,121.54,,Russia,,
Balakovo 1,VVER V-320,PWR,950.0,28/12/1985,95.4,7943.1,,Russia,,
Balakovo 2,VVER V-320,PWR,950.0,08/10/1987,95.7,7964.89,,Russia,,
Balakovo 3,VVER V-320,PWR,950.0,25/12/1988,97.5,8113.04,,Russia,,
Balakovo 4,VVER V-320,PWR,950.0,11/04/1993,96.1,7999.26,,Russia,,
Beloyarsk 3,BN-600,FBR,560.0,08/04/1980,60.4,2961.93,,Russia,,
Beloyarsk 4,BN-800,FBR,820.0,10/12/2015,68.7,4937.4,,Russia,,
Bilibino 2,EGP-6,LWGR,11.0,30/12/1974,37.8,36.43,,Russia,,
Bilibino 3,EGP-6,LWGR,11.0,22/12/1975,39.3,37.87,,Russia,,
Bilibino 4,EGP-6,LWGR,11.0,27/12/1976,35.8,34.45,,Russia,,
Kalinin 1,VVER V-338,PWR,950.0,09/05/1984,87.7,7295.91,,Russia,,
Kalinin 2,VVER V-338,PWR,950.0,03/12/1986,98.4,8191.96,,Russia,,
Kalinin 3,VVER V-320,PWR,950.0,16/12/2004,106.1,8833.38,,Russia,,
Kalinin 4,VVER V-320,PWR,950.0,24/11/2011,97.1,8076.94,,Russia,,
Kola 1,VVER V-230,PWR,411.0,29/06/1973,54.4,1958.53,,Russia,,
Kola 2,VVER V-230,PWR,411.0,09/12/1974,69.1,2488.57,,Russia,,
Kola 3,VVER V-213,PWR,411.0,24/03/1981,70.4,2534.41,,Russia,,
Kola 4,VVER V-213,PWR,411.0,11/10/1984,86.2,3102.73,,Russia,,
Kursk 3,RBMK-1000,LWGR,925.0,17/10/1983,76.4,6186.94,,Russia,,
Kursk 4,RBMK-1000,LWGR,925.0,02/12/1985,83.4,6760.71,,Russia,,
Leningrad 2 1,VVER V-491,PWR,1101.0,09/03/2018,48.6,4690.89,,Russia,,
Leningrad 2 2,VVER V-491,PWR,1101.0,22/10/2020,88.7,8555.51,,Russia,,
Leningrad 3,RBMK-1000,LWGR,925.0,07/12/1979,79.2,6419.76,,Russia,,
Leningrad 4,RBMK-1000,LWGR,925.0,09/02/1981,74.7,6049.67,,Russia,,
Novovoronezh 2 1,VVER V-392M,PWR,1100.0,05/08/2016,72.1,6950.51,,Russia,,
Novovoronezh 2 2,VVER V-392M,PWR,1101.0,01/05/2019,86.9,8377.15,,Russia,,
Novovoronezh 4,VVER V-179,PWR,385.0,28/12/1972,90.6,3055.96,,Russia,,
Novovoronezh 5,VVER V-187,PWR,950.0,31/05/1980,80.9,6729.72,,Russia,,
Rostov 1,VVER V-320,PWR,989.0,30/03/2001,80.7,6993.42,,Russia,,
Rostov 2,VVER V-320,PWR,950.0,18/03/2010,95.9,7978.3,,Russia,,
Rostov 3,VVER V-320,PWR,950.0,27/12/2014,93.2,7755.53,,Russia,,
Rostov 4,VVER V-320,PWR,979.0,02/02/2018,98.5,8450.68,,Russia,,
Smolensk 1,RBMK-1000,LWGR,925.0,09/12/1982,70.2,5689.02,,Russia,,
Smolensk 2,RBMK-1000,LWGR,925.0,31/05/1985,88.6,7182.68,,Russia,,
Smolensk 3,RBMK-1000,LWGR,925.0,17/01/1990,89.2,7227.81,,Russia,,
Cape Nagloynyn-1,RITM 200S,PWR,50.0,,,,31/08/2022,Russia,,
Cape Nagloynyn-2,RITM 200S,PWR,50.0,,,,31/08/2022,Russia,,
Kursk 2 1,VVER V-510,PWR,1200.0,,,,28/04/2018,Russia,,
Kursk 2-2,VVER-TOI,PWR,1101.0,,,,15/04/2019,Russia,,
Leningrad 2-3,VVER V-491,PWR,1101.0,,,,14/03/2024,Russia,,
Leningrad 2-4,VVER V-491,PWR,1101.0,,,,20/03/2025,Russia,,
Seversk BREST-OD-300,BREST-OD-300�,FBR,300.0,,,,08/06/2021,Russia,,
APS 1 Obninsk,AM-1,LWGR,,,,,,Russia,5.0,29/04/2002
Beloyarsk 1,AMB-100,LWGR,,,,,,Russia,102.0,01/01/1983
Beloyarsk 2,AMB-200,LWGR,,,,,,Russia,146.0,01/01/1990
Bilibino 1,EGP-6,LWGR,,,,,,Russia,11.0,14/01/2019
Kursk 1,RBMK-1000,LWGR,,,,,,Russia,925.0,19/12/2021
Kursk 2,RBMK-1000,LWGR,,,,,,Russia,925.0,31/01/2024
Leningrad 1,RBMK-1000,LWGR,,,,,,Russia,925.0,22/12/2018
Leningrad 2,RBMK-1000,LWGR,,,,,,Russia,925.0,10/11/2020
Novovoronezh 1,VVER V-120,PWR,,,,,,Russia,197.0,16/02/1988
Novovoronezh 2,VVER V-120,PWR,,,,,,Russia,336.0,29/08/1990
Novovoronezh 3,VVER V-179,PWR,,,,,,Russia,385.0,25/12/2016
Bohunice 3,VVER V-213,PWR,466.0,20/08/1984,90.3,3685.7,,Slovakia,,
Bohunice 4,VVER V-213,PWR,466.0,09/08/1985,92.1,3761.34,,Slovakia,,
Mochovce 1,VVER V-213,PWR,467.0,04/07/1998,92.0,3764.66,,Slovakia,,
Mochovce 2,VVER V-213,PWR,469.0,20/12/1999,93.7,3848.01,,Slovakia,,
Mochovce 3,VVER V-213,PWR,434.0,31/01/2023,,1945.27,,Slovakia,,
Mochovce 4,VVER V-213,PWR,440.0,,,,27/01/1987,Slovakia,,
Bohunice 1,VVER V-230,PWR,,,,,,Slovakia,408.0,31/12/2006
Bohunice 2,VVER V-230,PWR,,,,,,Slovakia,408.0,31/12/2008
Bohunice A1,KS 150,HWGCR,,,,,,Slovakia,93.0,22/02/1977
Krsko,WE 212,PWR,696.0,02/10/1981,88.5,5332.49,,Slovenia,,
Koeberg 1,CP1,PWR,924.0,04/04/1984,9.3,752.77,,South Africa,,
Koeberg 2,CP1,PWR,930.0,25/07/1985,90.8,7401.06,,South Africa,,
Hanbit 1,WH F,PWR,995.0,05/03/1986,90.5,7885.1,,South Korea,,
Hanbit 2,WH F,PWR,988.0,11/11/1986,67.4,5835.89,,South Korea,,
Hanbit 3,OPR-1000,PWR,986.0,30/10/1994,101.1,8733.45,,South Korea,,
Hanbit 4,OPR-1000,PWR,970.0,18/07/1995,102.8,8732.26,,South Korea,,
Hanbit 5,OPR-1000,PWR,992.0,19/12/2001,15.9,1384.55,,South Korea,,
Hanbit 6,OPR-1000,PWR,993.0,16/09/2002,84.6,7360.22,,South Korea,,
Hanul 1,France CPI,PWR,953.0,07/04/1988,74.6,6316.71,,South Korea,,
Hanul 2,France CPI,PWR,957.0,14/04/1989,67.0,5670.91,,South Korea,,
Hanul 3,OPR-1000,PWR,991.0,06/01/1998,78.4,6843.5,,South Korea,,
Hanul 4,OPR-1000,PWR,994.0,28/12/1998,69.8,6109.9,,South Korea,,
Hanul 5,OPR-1000,PWR,989.0,18/12/2003,84.4,7376.79,,South Korea,,
Hanul 6,OPR-1000,PWR,997.0,07/01/2005,82.6,7214.72,,South Korea,,
Kori 2,WH F,PWR,640.0,22/04/1983,26.8,1504.5,,South Korea,,
Kori 3,WH F,PWR,1011.0,22/01/1985,67.6,5988.78,,South Korea,,
Kori 4,WH F,PWR,1012.0,15/11/1985,46.8,4147.74,,South Korea,,
Saeul 1,APR-1400,PWR,1392.0,15/01/2016,73.8,9154.98,,South Korea,,
Saeul 2,APR-1400,PWR,1392.0,22/04/2019,99.0,12295.49,,South Korea,,
Shin Hanul 1,APR-1400,PWR,1414.0,09/06/2022,99.5,12319.2,,South Korea,,
Shin Hanul 2,APR-1400,PWR,1340.0,21/12/2023,,,,South Korea,,
Shin Kori 1,OPR-1000,PWR,996.0,04/08/2010,100.0,8723.34,,South Korea,,
Shin Kori 2,OPR-1000,PWR,996.0,28/01/2012,99.9,8715.76,,South Korea,,
Shin Wolsong 1,OPR-1000,PWR,997.0,27/01/2012,84.7,7395.95,,South Korea,,
Shin Wolsong 2,OPR-1000,PWR,993.0,26/02/2015,99.2,8627.32,,South Korea,,
Wolsong 2,CANDU 6,PHWR,571.0,01/04/1997,86.2,4350.62,,South Korea,,
Wolsong 3,CANDU 6,PHWR,595.0,25/03/1998,86.6,4559.74,,South Korea,,
Wolsong 4,CANDU 6,PHWR,569.0,21/05/1999,88.4,4392.97,,South Korea,,
Saeul 3,APR-1400,PWR,1340.0,,,,01/04/2017,South Korea,,
Saeul 4,APR-1400,PWR,1340.0,,,,20/09/2018,South Korea,,
Kori 1,WH 60,PWR,,,,,,South Korea,576.0,19/06/2017
Wolsong 1,CANDU 6,PHWR,,,,,,South Korea,661.0,24/12/2019
Almaraz 1,W (3-loop),PWR,1011.0,01/05/1981,87.3,7735.09,,Spain,,
Almaraz 2,W (3-loop),PWR,1006.0,08/10/1983,96.6,8517.29,,Spain,,
Asco 1,W (3-loop),PWR,995.0,13/08/1983,76.1,6634.81,,Spain,,
Asco 2,W (3-loop),PWR,997.0,23/10/1985,82.6,7209.27,,Spain,,
Cofrentes,BWR-6,BWR,1064.0,14/10/1984,85.5,7965.62,,Spain,,
Trillo 1,PWR 3 loops,PWR,1003.0,23/05/1988,88.0,7734.72,,Spain,,
Vandellos 2,W (3-loop),PWR,1047.0,12/12/1987,93.5,8573.98,,Spain,,
Jose Cabrera 1,W (1-loop),PWR,,,,,,Spain,141.0,30/04/2006
Santa Maria De Garona,BWR-3,BWR,,,,,,Spain,446.0,02/08/2017
Vandellos 1,,GCR,,,,,,Spain,480.0,31/07/1990
Forsmark 1,"ABB-III, BWR-2500",BWR,1104.0,06/06/1980,85.8,7813.5,,Sweden,,
Forsmark 2,"ABB-III, BWR-2500",BWR,1121.0,26/01/1981,74.9,7354.48,,Sweden,,
Forsmark 3,"ABB-III, BWR-3000",BWR,1172.0,05/03/1985,89.3,9170.91,,Sweden,,
Oskarshamn 3,"ABB-III, BWR-3000",BWR,1400.0,03/03/1985,74.8,9177.85,,Sweden,,
Ringhals 3,W (3-loops),PWR,1081.0,07/09/1980,81.5,7694.6,,Sweden,,
Ringhals 4,W (3-loops),PWR,1130.0,23/06/1982,54.9,5436.26,,Sweden,,
Agesta,R3/Adam,PHWR,,,,,,Sweden,10.0,02/06/1974
Barseback 1,ABB-II,BWR,,,,,,Sweden,600.0,30/11/1999
Barseback 2,ABB-II,BWR,,,,,,Sweden,600.0,31/05/2005
Oskarshamn 1,ABB-I,BWR,,,,,,Sweden,473.0,19/06/2017
Oskarshamn 2,ABB-II,BWR,,,,,,Sweden,638.0,22/12/2016
Ringhals 1,ABB-I,BWR,,,,,,Sweden,881.0,30/12/2020
Ringhals 2,W (3-loops),PWR,,,,,,Sweden,852.0,31/12/2019
Beznau 1,W (2-loop),PWR,365.0,17/07/1969,91.9,2937.08,,Switzerland,,
Beznau 2,W (2-loop),PWR,365.0,23/10/1971,87.7,2804.42,,Switzerland,,
Goesgen,PWR 3 Loop,PWR,1010.0,02/02/1979,90.1,7973.07,,Switzerland,,
Leibstadt,BWR-6,BWR,1233.0,24/05/1984,89.7,9689.42,,Switzerland,,
Lucens,HWGCR: 2-loops,HWGCR,,,,,,Switzerland,6.0,21/01/1969
Muehleberg,BWR-4,BWR,,,,,,Switzerland,373.0,20/12/2019
Chinshan 1,BWR-4,BWR,,,,,,Taiwan,604.0,06/12/2018
Chinshan 2,BWR-4,BWR,,,,,,Taiwan,604.0,16/07/2019
Kuosheng 1,BWR-6,BWR,,,,,,Taiwan,985.0,01/07/2021
Kuosheng 2,BWR-6,BWR,,,,,,Taiwan,985.0,15/03/2023
Maanshan 1,WE 312 (3 loop-12 foot),PWR,,,,,,Taiwan,936.0,28/07/2024
Maanshan 2,WE 312 (3 loop-12 foot),PWR,,,,,,Taiwan,938.0,17/05/2025
Akkuyu 1,VVER V-509,PWR,1114.0,,,,03/04/2018,Turkey,,
Akkuyu 2,VVER V-509,PWR,1114.0,,,,08/04/2020,Turkey,,
Akkuyu 3,VVER V-509,PWR,1114.0,,,,10/03/2021,Turkey,,
Akkuyu 4,VVER V-509,PWR,1114.0,,,,21/07/2022,Turkey,,
Khmelnitski 1,VVER V-320,PWR,950.0,31/12/1987,,,,Ukraine,,
Khmelnitski 2,VVER V-320,PWR,950.0,07/08/2004,,,,Ukraine,,
Rivne 1,VVER V-213,PWR,381.0,22/12/1980,,,,Ukraine,,
Rivne 2,VVER V-213,PWR,376.0,22/12/1981,,,,Ukraine,,
Rivne 3,VVER V-320,PWR,950.0,21/12/1986,,,,Ukraine,,
Rivne 4,VVER V-320,PWR,950.0,10/10/2004,,,,Ukraine,,
South Ukraine 1,VVER V-302,PWR,950.0,31/12/1982,,,,Ukraine,,
South Ukraine 2,VVER V-338,PWR,950.0,06/01/1985,,,,Ukraine,,
South Ukraine 3,VVER V-320,PWR,950.0,20/09/1989,,,,Ukraine,,
Zaporizhzhia 1,VVER V-320,PWR,950.0,10/12/1984,,,,Ukraine,,
Zaporizhzhia 2,VVER V-320,PWR,950.0,22/07/1985,,,,Ukraine,,
Zaporizhzhia 3,VVER V-320,PWR,950.0,10/12/1986,,,,Ukraine,,
Zaporizhzhia 4,VVER V-320,PWR,950.0,18/12/1987,,,,Ukraine,,
Zaporizhzhia 5,VVER V-320,PWR,950.0,14/08/1989,,,,Ukraine,,
Zaporizhzhia 6,VVER V-320,PWR,950.0,19/10/1995,,,,Ukraine,,
Khmelnitski 3,VVER V-392B,PWR,1035.0,,,,01/03/1986,Ukraine,,
Khmelnitski 4,VVER V-392B,PWR,1035.0,,,,01/02/1987,Ukraine,,
Chernobyl 1,RBMK,LWGR,,,,,,Ukraine,740.0,30/11/1996
Chernobyl 2,RBMK,LWGR,,,,,,Ukraine,925.0,11/10/1991
Chernobyl 3,RBMK,LWGR,,,,,,Ukraine,925.0,15/12/2000
Chernobyl 4,RBMK,LWGR,,,,,,Ukraine,925.0,26/04/1986
Barakah 1,APR-1400,PWR,1337.0,19/08/2020,89.60,10488.13,,United Arab Emirates,,
Barakah 2,APR-1400,PWR,1337.0,14/09/2021,87.70,10274.57,,United Arab Emirates,,
Barakah 3,APR-1400,PWR,1337.0,08/10/2022,97.70,10442.83,,United Arab Emirates,,
Barakah 4,APR-1400,PWR,1337.0,23/03/2024,-,-,,United Arab Emirates,,
Hartlepool A 1,AGR,GCR,590.0,01/08/1983,81.3,4199.98,,United Kingdom,,
Hartlepool A 2,AGR,GCR,595.0,31/10/1984,59.4,3097.65,,United Kingdom,,
Heysham A 1,AGR,GCR,485.0,09/07/1983,68.5,2909.14,,United Kingdom,,
Heysham A 2,AGR,GCR,575.0,11/10/1984,70.6,3553.41,,United Kingdom,,
Heysham B 1,AGR,GCR,620.0,12/07/1988,80.8,4391.0,,United Kingdom,,
Heysham B 2,AGR,GCR,620.0,11/11/1988,58.3,3168.39,,United Kingdom,,
Sizewell B,SNUPPS,PWR,1198.0,14/02/1995,73.2,7676.68,,United Kingdom,,
Torness 1,AGR,GCR,595.0,25/05/1988,81.1,4225.69,,United Kingdom,,
Torness 2,AGR,GCR,605.0,03/02/1989,76.5,4055.74,,United Kingdom,,
Hinkley Point C 1,EPR-1750,PWR,1630.0,,,,11/12/2018,United Kingdom,,
Hinkley Point C 2,EPR-1750,PWR,1630.0,,,,12/12/2019,United Kingdom,,
Berkeley 1,MAGNOX,GCR,,,,,,United Kingdom,138.0,31/03/1989
Berkeley 2,MAGNOX,GCR,,,,,,United Kingdom,138.0,26/10/1988
Bradwell 1,MAGNOX,GCR,,,,,,United Kingdom,123.0,31/03/2002
Bradwell 2,MAGNOX,GCR,,,,,,United Kingdom,123.0,30/03/2002
Calder Hall 1,MAGNOX,GCR,,,,,,United Kingdom,49.0,31/03/2003
Calder Hall 2,MAGNOX,GCR,,,,,,United Kingdom,49.0,31/03/2003
Calder Hall 3,MAGNOX,GCR,,,,,,United Kingdom,49.0,31/03/2003
Calder Hall 4,MAGNOX,GCR,,,,,,United Kingdom,49.0,31/03/2003
Chapelcross 1,MAGNOX,GCR,,,,,,United Kingdom,48.0,29/06/2004
Chapelcross 2,MAGNOX,GCR,,,,,,United Kingdom,48.0,29/06/2004
Chapelcross 3,MAGNOX,GCR,,,,,,United Kingdom,48.0,29/06/2004
Chapelcross 4,MAGNOX,GCR,,,,,,United Kingdom,48.0,29/06/2004
Dounreay DFR,,FBR,,,,,,United Kingdom,11.0,01/03/1977
Dounreay PFR,,FBR,,,,,,United Kingdom,234.0,31/03/1994
Dungeness A 1,MAGNOX,GCR,,,,,,United Kingdom,225.0,31/12/2006
Dungeness A 2,MAGNOX,GCR,,,,,,United Kingdom,225.0,31/12/2006
Dungeness B 1,AGR,GCR,,,,,,United Kingdom,545.0,07/06/2021
Dungeness B 2,AGR,GCR,,,,,,United Kingdom,545.0,07/06/2021
Hinkley Point A 1,MAGNOX,GCR,,,,,,United Kingdom,235.0,23/05/2000
Hinkley Point A 2,MAGNOX,GCR,,,,,,United Kingdom,235.0,23/05/2000
Hinkley Point B 1,AGR,GCR,,,,,,United Kingdom,485.0,01/08/2022
Hinkley Point B 2,AGR,GCR,,,,,,United Kingdom,480.0,06/07/2022
Hunterston A 1,MAGNOX,GCR,,,,,,United Kingdom,150.0,30/03/1990
Hunterston A 2,MAGNOX,GCR,,,,,,United Kingdom,150.0,31/12/1989
Hunterston B 1,AGR,GCR,,,,,,United Kingdom,490.0,26/11/2021
Hunterston B 2,AGR,GCR,,,,,,United Kingdom,495.0,07/01/2022
Oldbury A 1,MAGNOX,GCR,,,,,,United Kingdom,217.0,29/02/2012
Oldbury A 2,MAGNOX,GCR,,,,,,United Kingdom,217.0,30/06/2011
Sizewell A 1,MAGNOX,GCR,,,,,,United Kingdom,210.0,31/12/2006
Sizewell A 2,MAGNOX,GCR,,,,,,United Kingdom,210.0,31/12/2006
Trawsfynydd 1,MAGNOX,GCR,,,,,,United Kingdom,195.0,06/02/1991
Trawsfynydd 2,MAGNOX,GCR,,,,,,United Kingdom,195.0,04/02/1991
Windscale AGR,AGR,GCR,,,,,,United Kingdom,24.0,03/04/1981
Winfrith SGHWR,,SGHWR,,,,,,United Kingdom,92.0,11/09/1990
Wylfa 1,MAGNOX,GCR,,,,,,United Kingdom,490.0,30/12/2015
Wylfa 2,MAGNOX,GCR,,,,,,United Kingdom,490.0,25/04/2012
Arkansas Nuclear One 1,B&W; (L-loop) DRYAMB,PWR,836.0,17/08/1974,99.30,7274.18,,United States Of America,,
Arkansas Nuclear One 2,CE (2-loop) DRYAMB,PWR,988.0,26/12/1978,89.00,7703.81,,United States Of America,,
Beaver Valley 1,W (3-loop),PWR,908.0,14/06/1976,100.70,8006.89,,United States Of America,,
Beaver Valley 2,W (3-loop),PWR,905.0,17/08/1987,88.40,7005.57,,United States Of America,,
Braidwood 1,W (4-loop),PWR,1194.0,12/07/1987,101.00,10562.93,,United States Of America,,
Braidwood 2,W (4-loop) DRYAMB,PWR,1160.0,25/05/1988,94.00,9550.66,,United States Of America,,
Browns Ferry 1,BWR-4 (Mark 1),BWR,1200.0,15/10/1973,102.30,10750.38,,United States Of America,,
Browns Ferry 2,BWR-4 (Mark 1),BWR,1200.0,28/08/1974,93.40,9813.14,,United States Of America,,
Browns Ferry 3,BWR-4 (Mark 1),BWR,1210.0,12/09/1976,96.80,10261.99,,United States Of America,,
Brunswick 1,BWR-4 (Mark 1),BWR,938.0,04/12/1976,100.30,8243.54,,United States Of America,,
Brunswick 2,BWR-4 (Mark 1),BWR,932.0,29/04/1975,90.80,7414.54,,United States Of America,,
Byron 1,W (4-loop) (DRYAMB),PWR,1164.0,01/03/1985,96.50,9835.73,,United States Of America,,
Byron 2,W (4-Loop) (DRYAMB),PWR,1136.0,06/02/1987,96.70,9623.79,,United States Of America,,
Callaway 1,W (4-loop) DRYAMB,PWR,1215.0,24/10/1984,86.40,9195.58,,United States Of America,,
Calvert Cliffs 1,CE (2-loop) DRYAMB,PWR,877.0,03/01/1975,101.90,7828.41,,United States Of America,,
Calvert Cliffs 2,CE (2-loop) DRYAMB,PWR,855.0,07/12/1976,95.50,7155.35,,United States Of America,,
Catawba 1,W (4-loop) (ICECND),PWR,1160.0,22/01/1985,88.40,8988.09,,United States Of America,,
Catawba 2,W (4-loop) (ICECND),PWR,1150.0,18/05/1986,101.00,10177.43,,United States Of America,,
Clinton 1,BWR-6 (Mark 3),BWR,1062.0,24/04/1987,86.50,8050.49,,United States Of America,,
Columbia,BWR-5 (Mark 2),BWR,1131.0,27/05/1984,84.90,8408.02,,United States Of America,,
Comanche Peak 1,W (4-loop) DRYAMB,PWR,1205.0,24/04/1990,91.00,9610.95,,United States Of America,,
Comanche Peak 2,W (4-loop) DRYAMB,PWR,1195.0,09/04/1993,90.00,9419.27,,United States Of America,,
Cooper,BWR-4 (Mark 1),BWR,769.0,10/05/1974,102.80,6926.05,,United States Of America,,
Davis Besse 1,B&W; (R-loop),PWR,894.0,28/08/1977,102.00,7985.73,,United States Of America,,
Diablo Canyon 1,W (4-loop),PWR,1138.0,11/11/1984,82.30,8207.56,,United States Of America,,
Diablo Canyon 2,W (4-loop),PWR,1118.0,20/10/1985,97.60,9554.55,,United States Of America,,
Donald C. Cook 1,W (4-loop) ICECDN,PWR,1030.0,10/02/1975,91.80,8279.91,,United States Of America,,
Donald C. Cook 2,W (4-loop) ICECND,PWR,1168.0,22/03/1978,101.30,10362.52,,United States Of America,,
Dresden 2,BWR-3 (Mark 1),BWR,894.0,13/04/1970,94.60,7408.14,,United States Of America,,
Dresden 3,BWR-3 (Mark 1),BWR,879.0,22/07/1971,101.90,7845.87,,United States Of America,,
Edwin I. Hatch 1,BWR-4 (Mark 1),BWR,876.0,11/11/1974,98.00,7517.55,,United States Of America,,
Edwin I. Hatch 2,BWR-4 (Mark 1),BWR,883.0,22/09/1978,88.30,6833.54,,United States Of America,,
Enrico Fermi 2,BWR-4 (Mark 1),BWR,1115.0,21/09/1986,95.90,9366.83,,United States Of America,,
Fitzpatrick,BWR-4 (Mark 1),BWR,813.0,01/02/1975,103.50,7373.13,,United States Of America,,
Grand Gulf 1,BWR-6 (Mark 3),BWR,1401.0,20/10/1984,95.70,11750.13,,United States Of America,,
H. B. Robinson 2,W (3-loop) DRYAMB,PWR,741.0,26/09/1970,103.10,6693.97,,United States Of America,,
Harris 1,W (3-loop) DRYAMB,PWR,964.0,19/01/1987,102.00,8609.28,,United States Of America,,
Hope Creek 1,BWR-4 (Mark 1),BWR,1172.0,01/08/1986,97.00,9953.82,,United States Of America,,
Joseph M. Farley 1,W (3-loop),PWR,874.0,18/08/1977,103.50,7922.18,,United States Of America,,
Joseph M. Farley 2,W (3-loop) DRYAMB,PWR,883.0,25/05/1981,88.40,6836.35,,United States Of America,,
Lasalle 1,BWR-5 (Mark 2),BWR,1137.0,04/09/1982,101.40,10095.55,,United States Of America,,
Lasalle 2,BWR-5 (Mark 2),BWR,1140.0,20/04/1984,93.60,9348.50,,United States Of America,,
Limerick 1,BWR-4 (Mark 2),BWR,1134.0,13/04/1985,100.20,9955.71,,United States Of America,,
Limerick 2,BWR-4 (Mark 2),BWR,1134.0,01/09/1989,92.00,9138.37,,United States Of America,,
McGuire 1,W (4-loop) ICECND,PWR,1158.0,12/09/1981,90.70,9202.10,,United States Of America,,
McGuire 2,W (4-loop) (ICECND),PWR,1158.0,23/05/1983,87.50,8872.14,,United States Of America,,
Millstone 2,COMB CE DRYAMB,PWR,869.0,09/11/1975,71.90,5476.38,,United States Of America,,
Millstone 3,W (4-loop) DRYSUB,PWR,1210.0,12/02/1986,77.70,8234.86,,United States Of America,,
Monticello,BWR-3,BWR,628.0,05/03/1971,87.10,4793.50,,United States Of America,,
Nine Mile Point 1,BWR-2 (Mark 1),BWR,613.0,09/11/1969,87.10,4675.61,,United States Of America,,
Nine Mile Point 2,BWR-5 (Mark 2),BWR,1277.0,08/08/1987,97.40,10899.53,,United States Of America,,
North Anna 1,W (3-loop),PWR,948.0,17/04/1978,101.30,8412.10,,United States Of America,,
North Anna 2,W (3-loop),PWR,944.0,25/08/1980,88.90,7352.87,,United States Of America,,
Oconee 1,B&W; (L-loop),PWR,847.0,06/05/1973,102.30,7589.74,,United States Of America,,
Oconee 2,B&W; (L-loop),PWR,848.0,05/12/1973,95.20,7068.01,,United States Of America,,
Oconee 3,B&W; (L-loop),PWR,859.0,18/09/1974,100.80,7588.99,,United States Of America,,
Palo Verde 1,CE (2-loop) DRYAMB,PWR,1311.0,10/06/1985,88.00,10105.43,,United States Of America,,
Palo Verde 2,COMB CE80 DRYAMB,PWR,1314.0,20/05/1986,86.60,9972.52,,United States Of America,,
Palo Verde 3,COMB CE80 DRYAMB,PWR,1312.0,28/11/1987,99.60,11449.96,,United States Of America,,
Peach Bottom 2,BWR-4 (Mark 1),BWR,1300.0,18/02/1974,100.70,11469.21,,United States Of America,,
Peach Bottom 3,BWR-4 (Mark 1),BWR,1331.0,01/09/1974,92.00,10727.42,,United States Of America,,
Perry 1,BWR-6 (Mark 3),BWR,1240.0,19/12/1986,75.70,8227.22,,United States Of America,,
Point Beach 1,W (2-loop) DRYAMB,PWR,591.0,06/11/1970,93.00,4815.15,,United States Of America,,
Point Beach 2,W (2-loop) DRYAMB,PWR,591.0,02/08/1972,94.10,4870.22,,United States Of America,,
Prairie Island 1,W (2-loop) DRYAMB,PWR,522.0,04/12/1973,82.70,3780.99,,United States Of America,,
Prairie Island 2,W (2-loop) DRYAMB,PWR,519.0,21/12/1974,73.70,3349.16,,United States Of America,,
Quad Cities 1,BWR-3 (Mark 1),BWR,908.0,12/04/1972,93.40,7425.73,,United States Of America,,
Quad Cities 2,BWR-3 (Mark 1),BWR,911.0,23/05/1972,97.00,7739.24,,United States Of America,,
R.E. Ginna,W (2-loop),PWR,560.0,02/12/1969,94.70,4644.95,,United States Of America,,
River Bend 1,BWR-6 (Mark 3),BWR,967.0,03/12/1985,51.90,4398.62,,United States Of America,,
Salem 1,W (4-loop) DRYAMB,PWR,1169.0,25/12/1976,89.00,9112.43,,United States Of America,,
Salem 2,W (4-loop) DRYAMB,PWR,1158.0,03/06/1981,91.60,9296.43,,United States Of America,,
Seabrook 1,W (4-loop) DRYAMB,PWR,1246.0,29/05/1990,87.40,9534.37,,United States Of America,,
Sequoyah 1,W (4-loop) ICECND,PWR,1152.0,22/07/1980,100.20,10112.90,,United States Of America,,
Sequoyah 2,W (4-loop) (ICECND),PWR,1139.0,23/12/1981,91.40,9114.69,,United States Of America,,
South Texas Project 1,W (4-loop),PWR,1280.0,30/03/1988,92.50,10372.14,,United States Of America,,
South Texas Project 2,W (4-loop) DRYAMB,PWR,1280.0,11/04/1989,102.10,11443.58,,United States Of America,,
St. Lucie 1,COMB CE DRYAMB,PWR,981.0,07/05/1976,100.60,8644.64,,United States Of America,,
St. Lucie 2,COMB CE DRYAMB,PWR,987.0,13/06/1983,90.40,7816.91,,United States Of America,,
Surry 1,W (3-loop) DRYSUB,PWR,838.0,04/07/1972,102.00,7488.81,,United States Of America,,
Surry 2,W (3-loop) DRYSUB,PWR,838.0,10/03/1973,86.40,6345.86,,United States Of America,,
Susquehanna Steam Electric Station 1,BWR-4 (Mark 2),BWR,1257.0,16/11/1982,97.50,10738.36,,United States Of America,,
Susquehanna Steam Electric Station 2,BWR-4 (Mark 2),BWR,1257.0,03/07/1984,84.60,9312.42,,United States Of America,,
Turkey Point 3,W (3-loop) DRYAMB,PWR,837.0,02/11/1972,92.90,6809.83,,United States Of America,,
Turkey Point 4,W (3-loop) DRYAMB,PWR,821.0,21/06/1973,92.60,6656.18,,United States Of America,,
Virgil C. Summer 1,W (3-loop) DRYAMB,PWR,973.0,16/11/1982,88.20,7517.23,,United States Of America,,
Vogtle 1,W (4-loop) DRYAMB,PWR,1150.0,27/03/1987,91.80,9244.23,,United States Of America,,
Vogtle 2,W (4-loop) DRYAMB,PWR,1152.0,10/04/1989,93.50,9436.09,,United States Of America,,
Vogtle 3,AP1000,PWR,1117.0,01/04/2023,99.30,7369.67,,United States Of America,,
Vogtle 4,AP1000,PWR,1117.0,01/03/2024,-,-,,United States Of America,,
Waterford 3,CE (2-loop),PWR,1168.0,18/03/1985,76.40,7820.38,,United States Of America,,
Watts Bar 1,W (4-loop) (ICECND),PWR,1157.0,06/02/1996,91.30,9253.94,,United States Of America,,
Watts Bar 2,W (4-loop) (ICECND),PWR,1164.0,03/06/2016,92.70,9455.43,,United States Of America,,
Wolf Creek,W (4-loop),PWR,1200.0,12/06/1985,98.00,10301.87,,United States Of America,,
Big Rock Point,-,BWR,,,,,,United States Of America,67.0,29/08/1997
Bonus,Superheater,BWR,,,,,,United States Of America,17.0,01/06/1968
Carolinas�Virginia Tube Reactor (CVTR),Prototype,PHWR,,,,,,United States Of America,17.0,10/01/1967
Crystal River 3,B&W; (L-loop),PWR,,,,,,United States Of America,860.0,05/02/2013
Dresden 1,,BWR,,,,,,United States Of America,197.0,31/10/1978
Duane Arnold 1,BWR-4 (Mark 1),BWR,,,,,,United States Of America,601.0,30/10/2020
Elk River,-,BWR,,,,,,United States Of America,22.0,01/02/1968
Enrico Fermi 1,Liquid Metal FBR,FBR,,,,,,United States Of America,61.0,29/11/1972
Fort Calhoun 1,CE (2-loop),PWR,,,,,,United States Of America,482.0,24/10/2016
Fort St. Vrain,,HTGR,,,,,,United States Of America,330.0,29/08/1989
Haddam Neck,-,PWR,,,,,,United States Of America,560.0,05/12/1996
Hallam,LMGMR (SGR- Sodium cooled graphite moderated reactor),X,,,,,,United States Of America,75.0,01/09/1964
Humboldt Bay,Natural cir.,BWR,,,,,,United States Of America,63.0,02/07/1976
Indian Point 1,PWR,PWR,,,,,,United States Of America,257.0,31/10/1974
Indian Point 2,W (4-loop) DRYAMB,PWR,,,,,,United States Of America,998.0,30/04/2020
Indian Point 3,W (4-loop) DRYAMB,PWR,,,,,,United States Of America,1030.0,01/05/2021
Kewaunee,W (2-loop) DRYAMB,PWR,,,,,,United States Of America,566.0,07/05/2013
Lacrosse,,BWR,,,,,,United States Of America,48.0,30/04/1987
Maine Yankee,,PWR,,,,,,United States Of America,860.0,01/08/1997
Millstone 1,,BWR,,,,,,United States Of America,641.0,01/07/1998
Oyster Creek,BWR-2 (Mark 1),BWR,,,,,,United States Of America,619.0,17/09/2018
Palisades,CE (2-loop) DRYAMB,PWR,,,,,,United States Of America,805.0,20/05/2022
Pathfinder,Prototype,BWR,,,,,,United States Of America,59.0,01/10/1967
Peach Bottom 1,,HTGR,,,,,,United States Of America,40.0,01/11/1974
Pilgrim 1,BWR-3 (Mark 1),BWR,,,,,,United States Of America,677.0,31/05/2019
Piqua,OCM (Organically Cooled and Moderated Reactor),X,,,,,,United States Of America,12.0,01/01/1966
Rancho Seco 1,PWR,PWR,,,,,,United States Of America,873.0,07/06/1989
San Onofre 1,PWR,PWR,,,,,,United States Of America,436.0,30/11/1992
San Onofre 2,CE (2-loop) DRYAMB,PWR,,,,,,United States Of America,1070.0,07/06/2013
San Onofre 3,CE (2-loop) DRYAMB,PWR,,,,,,United States Of America,1080.0,07/06/2013
Saxton,25,PWR,,,,,,United States Of America,3.0,01/05/1972
Shippingport,PLWBR,PWR,,,,,,United States Of America,60.0,01/10/1982
Shoreham,-,BWR,,,,,,United States Of America,820.0,01/05/1989
Three Mile Island 1,B&W; (L-loop),PWR,,,,,,United States Of America,819.0,20/09/2019
Three Mile Island 2,PWR,PWR,,,,,,United States Of America,880.0,28/03/1979
Trojan,,PWR,,,,,,United States Of America,1095.0,09/11/1992
Vallecitos,25,BWR,,,,,,United States Of America,24.0,09/12/1963
Vermont Yankee,BWR-4 (Mark 1),BWR,,,,,,United States Of America,605.0,29/12/2014
Yankee NPS,PWR,PWR,,,,,,United States Of America,167.0,01/10/1991
Zion 1,W (4-loop),PWR,,,,,,United States Of America,1040.0,13/02/1998
Zion 2,W (4-loop),PWR,,,,,,United States Of America,1040.0,13/02/1998
